,y_intvl_openness_2,y_intvl_conscientiousness_2,y_intvl_extroversion_2,y_intvl_agreeableness_2,y_intvl_neuroticism_2,y_scie,y_math,y_sport,y_ent,y_hist,y_geo,y_arch,y_pctl_extroversion,y_pctl_neuroticism,y_pctl_agreeableness,y_pctl_conscientiousness,y_pctl_openness,y_intvl_openness,y_intvl_conscientiousness,y_intvl_extroversion,y_intvl_agreeableness,y_intvl_neuroticism,alfa_norm,beta_norm,scie_norm,math_norm,sport_norm,ent_norm,hist_norm,geo_norm,arch_norm,do_question_norm,do_question_single_norm,do_question_group_norm,collect_norm,total_answers_norm,total_categories_norm,age,sex,alfa,beta,scie,math,sport,ent,hist,geo,arch,do_question,do_question_single,do_question_group,collect,total_answers,total_categories,wet1,wet2,ges3,wis1,spo1,wis4,spo2,spo3,aar3,wis2,wis3,ent1,ent2,spo4,arc2,wet3,wet4,spo6,ges1,aar4,ent3,arc1,arc3,aar1,aar2,ges2,wet5
y_intvl_openness_2,0.0,0.54,0.03,0.05,0.72,0.11,0.29,0.09,0.15,0.24,0.02,0.02,0.01,0.95,0.0,0.1,0.0,0.0,0.14,0.03,0.02,0.83,0.01,0.2,0.55,0.14,0.86,0.62,0.01,0.31,0.01,0.24,0.89,0.06,0.45,0.04,0.42,0.34,0.99,0.01,0.2,0.55,0.14,0.86,0.62,0.01,0.31,0.01,0.24,0.89,0.06,0.45,0.04,0.42,0.45,0.71,0.01,0.33,0.79,0.21,0.64,0.85,0.24,0.37,0.21,0.17,0.5,0.39,0.71,0.64,0.13,0.49,0.02,0.95,0.11,0.31,0.01,0.78,0.14,0.45,0.5
y_intvl_conscientiousness_2,0.54,0.0,0.08,0.57,0.93,0.82,0.57,0.05,0.08,0.77,0.35,0.98,0.26,0.97,0.25,0.0,0.09,0.23,0.0,0.09,0.63,0.93,0.73,0.96,0.82,0.82,0.79,0.57,0.66,0.59,0.74,0.48,0.74,0.45,0.78,0.47,0.87,0.05,0.34,0.73,0.96,0.82,0.82,0.79,0.57,0.66,0.59,0.74,0.48,0.74,0.45,0.78,0.47,0.87,0.25,0.4,0.29,0.28,0.84,0.43,0.58,0.45,0.77,0.48,0.9,0.64,0.82,0.0,0.39,0.62,0.02,0.49,0.44,0.67,0.51,0.91,0.31,0.78,0.19,0.45,0.5
y_intvl_extroversion_2,0.03,0.08,0.0,0.0,0.22,0.6,0.62,0.16,0.05,0.83,0.51,0.27,0.0,0.39,0.0,0.56,0.08,0.05,0.32,0.0,0.0,0.31,0.76,0.69,0.66,0.88,0.12,0.63,0.6,0.57,0.87,0.06,0.67,0.01,0.7,0.93,0.9,0.27,0.9,0.76,0.69,0.66,0.88,0.12,0.63,0.6,0.57,0.87,0.06,0.67,0.01,0.7,0.93,0.9,0.12,0.02,0.52,0.65,0.37,0.56,0.14,0.08,0.27,0.36,0.23,0.36,0.72,0.88,0.84,0.9,0.05,0.28,0.98,0.32,0.56,0.68,0.39,0.42,0.51,0.96,0.94
y_intvl_agreeableness_2,0.05,0.57,0.0,0.0,0.76,0.52,0.01,0.35,0.32,0.82,0.77,0.07,0.0,0.69,0.0,0.15,0.01,0.04,0.34,0.0,0.0,0.58,0.67,0.89,0.87,0.71,0.37,0.28,0.65,0.14,0.56,0.32,0.91,0.11,0.77,0.24,0.31,0.08,0.35,0.67,0.89,0.87,0.71,0.37,0.28,0.65,0.14,0.56,0.32,0.91,0.11,0.77,0.24,0.31,0.79,0.53,0.82,0.51,0.73,0.57,0.92,0.8,0.23,0.88,0.05,0.7,0.1,0.01,0.85,0.92,0.8,0.14,0.72,0.15,0.79,0.9,0.11,0.8,0.13,0.57,0.88
y_intvl_neuroticism_2,0.72,0.93,0.22,0.76,0.0,0.9,0.86,0.42,0.22,0.92,0.89,0.23,0.32,0.0,0.63,0.99,0.28,0.49,1.0,0.54,0.84,0.0,0.39,0.92,0.88,0.92,0.88,0.17,0.61,0.68,0.45,0.21,0.33,0.41,0.84,0.91,0.42,0.42,0.01,0.39,0.92,0.88,0.92,0.88,0.17,0.61,0.68,0.45,0.21,0.33,0.41,0.84,0.91,0.42,0.28,0.19,0.74,0.49,0.59,0.31,0.49,0.22,0.92,0.08,0.31,0.15,0.9,0.16,0.95,0.39,0.33,0.13,0.32,0.76,0.03,0.15,0.58,0.44,0.76,0.33,0.9
y_scie,0.11,0.82,0.6,0.52,0.9,0.0,0.0,0.82,0.11,0.38,0.35,0.35,0.74,0.62,0.86,0.64,0.02,0.12,0.65,0.72,0.95,0.86,0.13,0.0,0.0,0.0,0.53,0.18,0.09,0.56,0.56,0.87,0.8,0.84,0.06,0.02,0.45,0.63,0.06,0.13,0.0,0.0,0.0,0.53,0.18,0.09,0.56,0.56,0.87,0.8,0.84,0.06,0.02,0.45,0.04,0.08,0.0,0.01,0.12,0.01,0.15,0.77,0.37,0.03,0.17,0.12,0.91,0.41,0.59,0.15,0.07,0.64,0.79,0.26,0.07,0.86,0.25,0.77,0.3,0.5,0.02
y_math,0.29,0.57,0.62,0.01,0.86,0.0,0.0,0.15,0.03,0.48,0.43,0.19,0.33,0.94,0.01,0.67,0.89,0.35,0.89,0.43,0.0,0.84,0.26,0.0,0.06,0.0,0.42,0.13,0.15,0.5,0.63,0.84,0.69,0.94,0.79,0.08,0.45,0.7,0.01,0.26,0.0,0.06,0.0,0.42,0.13,0.15,0.5,0.63,0.84,0.69,0.94,0.79,0.08,0.45,0.19,0.25,0.08,0.0,0.24,0.0,0.92,0.43,0.82,0.0,0.04,0.38,0.1,0.1,0.21,0.09,0.48,0.14,0.9,0.74,0.38,0.72,0.72,0.43,0.32,0.29,0.73
y_sport,0.09,0.05,0.16,0.35,0.42,0.82,0.15,0.0,0.05,0.46,0.35,0.06,0.09,0.47,0.34,0.12,0.01,0.02,0.13,0.2,0.45,0.61,0.21,0.89,0.66,0.54,0.0,0.5,0.27,0.99,0.12,0.06,0.07,0.15,0.51,0.63,0.9,0.01,0.14,0.21,0.89,0.66,0.54,0.0,0.5,0.27,0.99,0.12,0.06,0.07,0.15,0.51,0.63,0.9,0.78,0.71,0.1,0.64,0.04,0.9,0.0,0.01,0.55,0.72,0.21,0.99,0.26,0.95,0.11,0.99,0.04,0.49,0.05,0.57,0.92,0.31,0.01,0.09,0.01,0.13,0.5
y_ent,0.15,0.08,0.05,0.32,0.22,0.11,0.03,0.05,0.0,0.88,0.63,0.96,0.16,0.2,0.74,0.27,0.07,0.05,0.1,0.11,0.57,0.13,0.9,0.16,0.61,0.07,0.11,0.02,0.55,0.71,0.68,0.02,0.01,0.28,0.15,0.88,0.01,0.49,0.6,0.9,0.16,0.61,0.07,0.11,0.02,0.55,0.71,0.68,0.02,0.01,0.28,0.15,0.88,0.01,0.65,0.75,0.16,0.19,0.64,0.41,0.0,0.23,0.88,0.0,0.41,0.32,0.0,0.21,0.78,0.25,0.72,0.88,0.43,0.32,0.67,0.19,0.19,0.32,0.46,0.72,0.03
y_hist,0.24,0.77,0.83,0.82,0.92,0.38,0.48,0.46,0.88,0.0,0.0,0.02,0.79,0.26,0.83,0.7,0.02,0.1,0.47,0.81,0.79,0.71,0.0,0.99,0.74,0.63,0.15,0.31,0.0,0.01,0.06,0.85,0.34,0.42,0.13,0.18,0.19,0.11,0.02,0.0,0.99,0.74,0.63,0.15,0.31,0.0,0.01,0.06,0.85,0.34,0.42,0.13,0.18,0.19,0.45,0.71,0.0,0.49,0.9,0.62,0.07,0.0,0.11,0.72,0.62,0.35,0.08,0.24,0.15,0.61,0.54,0.63,0.0,0.03,0.06,0.4,0.2,0.77,0.01,0.01,0.67
y_geo,0.02,0.35,0.51,0.77,0.89,0.35,0.43,0.35,0.63,0.0,0.0,0.0,0.46,0.31,0.98,0.47,0.03,0.02,0.55,0.52,0.78,0.52,0.02,0.61,0.66,0.7,0.4,0.08,0.0,0.03,0.12,0.3,0.01,0.45,0.12,0.25,0.73,0.93,0.53,0.02,0.61,0.66,0.7,0.4,0.08,0.0,0.03,0.12,0.3,0.01,0.45,0.12,0.25,0.73,0.36,0.47,0.02,0.66,0.3,0.29,0.03,0.05,0.06,0.56,0.54,0.04,0.18,0.9,0.13,0.27,0.93,0.99,0.03,0.02,0.99,0.33,0.15,0.16,0.07,0.06,0.35
y_arch,0.02,0.98,0.27,0.07,0.23,0.35,0.19,0.06,0.96,0.02,0.0,0.0,0.08,0.14,0.41,0.71,0.0,0.02,0.75,0.08,0.5,0.24,0.0,0.37,0.69,0.36,0.34,0.6,0.0,0.0,0.0,0.02,0.27,0.01,0.3,0.0,0.04,0.75,0.89,0.0,0.37,0.69,0.36,0.34,0.6,0.0,0.0,0.0,0.02,0.27,0.01,0.3,0.0,0.04,0.32,0.49,0.06,0.94,0.3,0.88,0.03,0.97,0.0,0.31,0.13,0.25,0.35,0.41,0.04,0.19,0.21,0.13,0.0,0.0,0.26,0.0,0.0,0.66,0.07,0.63,0.63
y_pctl_extroversion,0.01,0.26,0.0,0.0,0.32,0.74,0.33,0.09,0.16,0.79,0.46,0.08,0.0,0.47,0.0,0.84,0.02,0.01,0.57,0.0,0.0,0.36,0.69,0.64,0.66,0.77,0.13,0.85,0.55,0.49,0.88,0.05,0.4,0.01,0.26,0.78,0.94,0.34,0.8,0.69,0.64,0.66,0.77,0.13,0.85,0.55,0.49,0.88,0.05,0.4,0.01,0.26,0.78,0.94,0.13,0.06,0.44,0.5,0.83,0.61,0.07,0.31,0.1,0.46,0.43,0.58,0.76,0.58,0.59,0.82,0.03,0.6,0.83,0.18,0.83,0.79,0.64,0.84,0.8,0.23,0.49
y_pctl_neuroticism,0.95,0.97,0.39,0.69,0.0,0.62,0.94,0.47,0.2,0.26,0.31,0.14,0.47,0.0,0.51,0.64,0.87,0.73,0.59,0.68,0.61,0.0,0.21,0.41,0.44,0.51,0.96,0.11,0.28,0.62,0.34,0.2,0.43,0.33,0.39,0.63,0.15,0.17,0.0,0.21,0.41,0.44,0.51,0.96,0.11,0.28,0.62,0.34,0.2,0.43,0.33,0.39,0.63,0.15,0.83,0.8,0.59,0.89,0.73,0.14,0.99,0.57,0.72,0.18,0.28,0.13,0.96,0.05,0.47,0.13,0.45,0.25,0.25,0.76,0.01,0.31,0.8,0.57,0.66,0.11,0.62
y_pctl_agreeableness,0.0,0.25,0.0,0.0,0.63,0.86,0.01,0.34,0.74,0.83,0.98,0.41,0.0,0.51,0.0,0.01,0.0,0.0,0.12,0.0,0.0,0.55,0.48,0.71,0.41,0.87,0.49,0.14,0.51,0.42,0.57,0.46,0.98,0.25,0.64,0.6,0.51,0.05,0.14,0.48,0.71,0.41,0.87,0.49,0.14,0.51,0.42,0.57,0.46,0.98,0.25,0.64,0.6,0.51,0.4,0.43,0.87,0.7,0.32,0.54,0.46,0.95,0.38,0.88,0.15,0.5,0.09,0.01,0.23,0.63,0.93,0.55,0.72,0.94,0.4,0.59,0.54,0.6,0.19,0.31,0.8
y_pctl_conscientiousness,0.1,0.0,0.56,0.15,0.99,0.64,0.67,0.12,0.27,0.7,0.47,0.71,0.84,0.64,0.01,0.0,0.02,0.02,0.0,0.65,0.11,0.85,0.59,0.52,0.82,0.42,0.66,0.43,0.56,0.19,0.78,0.83,0.71,0.95,0.2,0.17,0.17,0.01,0.51,0.59,0.52,0.82,0.42,0.66,0.43,0.56,0.19,0.78,0.83,0.71,0.95,0.2,0.17,0.17,0.36,0.79,0.37,0.26,0.66,0.81,0.57,0.59,0.52,0.77,0.21,0.42,0.6,0.0,0.32,0.62,0.04,0.34,0.34,0.86,0.7,0.91,0.44,0.79,0.13,0.98,0.11
y_pctl_openness,0.0,0.09,0.08,0.01,0.28,0.02,0.89,0.01,0.07,0.02,0.03,0.0,0.02,0.87,0.0,0.02,0.0,0.0,0.02,0.07,0.0,0.71,0.01,0.12,0.44,0.11,0.27,0.61,0.0,0.12,0.02,0.75,0.75,0.35,0.34,0.04,0.31,0.17,0.83,0.01,0.12,0.44,0.11,0.27,0.61,0.0,0.12,0.02,0.75,0.75,0.35,0.34,0.04,0.31,0.37,0.79,0.0,0.2,0.85,0.1,0.3,0.16,0.39,0.41,0.31,0.61,0.39,0.33,0.84,0.93,0.64,0.92,0.0,0.33,0.47,0.61,0.01,0.5,0.04,0.79,0.21
y_intvl_openness,0.0,0.23,0.05,0.04,0.49,0.12,0.35,0.02,0.05,0.1,0.02,0.02,0.01,0.73,0.0,0.02,0.0,0.0,0.04,0.06,0.01,0.97,0.01,0.22,0.52,0.18,0.6,0.83,0.0,0.35,0.02,0.42,0.8,0.09,0.51,0.05,0.44,0.13,0.88,0.01,0.22,0.52,0.18,0.6,0.83,0.0,0.35,0.02,0.42,0.8,0.09,0.51,0.05,0.44,0.45,0.71,0.0,0.46,0.74,0.3,0.37,0.58,0.34,0.35,0.22,0.26,0.64,0.32,0.73,0.71,0.16,0.29,0.01,0.9,0.06,0.53,0.01,0.59,0.09,0.53,0.42
y_intvl_conscientiousness,0.14,0.0,0.32,0.34,1.0,0.65,0.89,0.13,0.1,0.47,0.55,0.75,0.57,0.59,0.12,0.0,0.02,0.04,0.0,0.33,0.36,0.78,0.46,0.52,0.96,0.35,0.58,0.68,0.44,0.22,0.71,0.72,0.7,0.79,0.16,0.15,0.29,0.05,0.52,0.46,0.52,0.96,0.35,0.58,0.68,0.44,0.22,0.71,0.72,0.7,0.79,0.16,0.15,0.29,0.33,0.65,0.3,0.31,0.56,0.83,0.68,0.91,0.45,0.3,0.29,0.46,0.97,0.01,0.34,0.93,0.04,0.24,0.43,0.66,0.89,0.98,0.32,0.92,0.16,0.67,0.19
y_intvl_extroversion,0.03,0.09,0.0,0.0,0.54,0.72,0.43,0.2,0.11,0.81,0.52,0.08,0.0,0.68,0.0,0.65,0.07,0.06,0.33,0.0,0.0,0.72,0.7,0.73,0.71,0.92,0.12,0.55,0.42,0.37,0.82,0.03,0.4,0.0,0.47,0.81,0.99,0.17,0.92,0.7,0.73,0.71,0.92,0.12,0.55,0.42,0.37,0.82,0.03,0.4,0.0,0.47,0.81,0.99,0.08,0.02,0.32,0.84,0.46,0.49,0.19,0.18,0.08,0.48,0.27,0.47,0.9,0.92,0.83,0.89,0.02,0.73,0.81,0.25,0.37,0.32,0.47,0.55,0.53,0.29,0.89
y_intvl_agreeableness,0.02,0.63,0.0,0.0,0.84,0.95,0.0,0.45,0.57,0.79,0.78,0.5,0.0,0.61,0.0,0.11,0.0,0.01,0.36,0.0,0.0,0.68,0.6,0.86,0.7,0.93,0.37,0.13,0.57,0.29,0.69,0.33,0.9,0.17,0.74,0.48,0.51,0.05,0.19,0.6,0.86,0.7,0.93,0.37,0.13,0.57,0.29,0.69,0.33,0.9,0.17,0.74,0.48,0.51,0.83,0.6,0.98,0.46,0.48,0.65,0.4,1.0,0.3,0.67,0.13,0.33,0.09,0.01,0.49,0.68,0.86,0.27,0.51,0.69,0.6,0.79,0.55,0.75,0.17,0.27,0.88
y_intvl_neuroticism,0.83,0.93,0.31,0.58,0.0,0.86,0.84,0.61,0.13,0.71,0.52,0.24,0.36,0.0,0.55,0.85,0.71,0.97,0.78,0.72,0.68,0.0,0.35,1.0,0.96,0.98,0.87,0.21,0.43,0.73,0.43,0.24,0.38,0.45,0.83,0.97,0.34,0.28,0.0,0.35,1.0,0.96,0.98,0.87,0.21,0.43,0.73,0.43,0.24,0.38,0.45,0.83,0.97,0.34,0.65,0.51,0.79,0.79,0.74,0.35,0.46,0.32,0.97,0.06,0.47,0.13,0.86,0.08,0.75,0.27,0.65,0.15,0.19,0.44,0.08,0.42,0.7,0.51,0.84,0.24,0.98
alfa_norm,0.01,0.73,0.76,0.67,0.39,0.13,0.26,0.21,0.9,0.0,0.02,0.0,0.69,0.21,0.48,0.59,0.01,0.01,0.46,0.7,0.6,0.35,0.0,0.0,0.0,0.0,0.05,0.11,0.0,0.0,0.0,0.0,0.0,0.0,0.0,0.0,0.0,0.2,0.09,0.0,0.0,0.0,0.0,0.05,0.11,0.0,0.0,0.0,0.0,0.0,0.0,0.0,0.0,0.0,0.07,0.02,0.0,0.24,0.45,0.1,0.23,0.81,0.01,0.04,0.0,0.88,0.04,0.75,0.0,0.03,0.08,0.48,0.0,0.0,0.09,0.0,0.0,0.56,0.0,0.0,0.32
beta_norm,0.2,0.96,0.69,0.89,0.92,0.0,0.0,0.89,0.16,0.99,0.61,0.37,0.64,0.41,0.71,0.52,0.12,0.22,0.52,0.73,0.86,1.0,0.0,0.0,0.0,0.0,0.3,0.65,0.0,0.0,0.01,0.0,0.01,0.02,0.01,0.0,0.0,0.09,0.0,0.0,0.0,0.0,0.0,0.3,0.65,0.0,0.0,0.01,0.0,0.01,0.02,0.01,0.0,0.0,0.0,0.0,0.0,0.0,0.56,0.0,0.51,0.51,0.05,0.0,0.0,0.46,0.47,0.87,0.02,0.0,0.01,0.84,0.04,0.02,0.23,0.32,0.12,0.52,0.97,0.14,0.0
scie_norm,0.55,0.82,0.66,0.87,0.88,0.0,0.06,0.66,0.61,0.74,0.66,0.69,0.66,0.44,0.41,0.82,0.44,0.52,0.96,0.71,0.7,0.96,0.0,0.0,0.0,0.0,0.07,1.0,0.0,0.0,0.03,0.0,0.0,0.0,0.0,0.0,0.0,0.09,0.0,0.0,0.0,0.0,0.0,0.07,1.0,0.0,0.0,0.03,0.0,0.0,0.0,0.0,0.0,0.0,0.0,0.0,0.0,0.01,0.78,0.0,0.68,0.25,0.04,0.01,0.01,0.28,0.11,0.79,0.02,0.0,0.0,0.79,0.17,0.06,0.48,0.3,0.28,0.22,0.61,0.09,0.0
math_norm,0.14,0.82,0.88,0.71,0.92,0.0,0.0,0.54,0.07,0.63,0.7,0.36,0.77,0.51,0.87,0.42,0.11,0.18,0.35,0.92,0.93,0.98,0.0,0.0,0.0,0.0,0.98,0.46,0.0,0.14,0.03,0.24,0.32,0.37,0.36,0.0,0.0,0.21,0.09,0.0,0.0,0.0,0.0,0.98,0.46,0.0,0.14,0.03,0.24,0.32,0.37,0.36,0.0,0.0,0.0,0.0,0.0,0.0,0.44,0.0,0.11,0.99,0.25,0.0,0.0,0.9,0.77,0.61,0.08,0.0,0.56,0.94,0.05,0.06,0.14,0.58,0.15,0.91,0.71,0.41,0.37
sport_norm,0.86,0.79,0.12,0.37,0.88,0.53,0.42,0.0,0.11,0.15,0.4,0.34,0.13,0.96,0.49,0.66,0.27,0.6,0.58,0.12,0.37,0.87,0.05,0.3,0.07,0.98,0.0,0.01,0.06,0.27,0.03,0.0,0.0,0.0,0.09,0.0,0.04,0.36,0.22,0.05,0.3,0.07,0.98,0.0,0.01,0.06,0.27,0.03,0.0,0.0,0.0,0.09,0.0,0.04,0.84,0.58,0.93,0.39,0.0,0.92,0.0,0.0,0.1,0.94,0.61,0.13,0.01,0.02,0.0,0.03,0.01,0.0,0.52,0.71,0.27,0.56,0.46,0.15,0.39,0.39,0.81
ent_norm,0.62,0.57,0.63,0.28,0.17,0.18,0.13,0.5,0.02,0.31,0.08,0.6,0.85,0.11,0.14,0.43,0.61,0.83,0.68,0.55,0.13,0.21,0.11,0.65,1.0,0.46,0.01,0.0,0.05,0.09,0.09,0.08,0.65,0.01,0.32,0.0,0.0,0.37,0.37,0.11,0.65,1.0,0.46,0.01,0.0,0.05,0.09,0.09,0.08,0.65,0.01,0.32,0.0,0.0,0.71,0.31,0.22,0.35,0.04,0.28,0.29,0.9,0.26,0.69,0.83,0.0,0.0,0.06,0.22,0.9,0.24,0.27,0.02,0.1,0.0,0.58,0.15,0.2,0.0,0.91,0.02
hist_norm,0.01,0.66,0.6,0.65,0.61,0.09,0.15,0.27,0.55,0.0,0.0,0.0,0.55,0.28,0.51,0.56,0.0,0.0,0.44,0.42,0.57,0.43,0.0,0.0,0.0,0.0,0.06,0.05,0.0,0.0,0.0,0.01,0.19,0.0,0.0,0.0,0.0,0.16,0.02,0.0,0.0,0.0,0.0,0.06,0.05,0.0,0.0,0.0,0.01,0.19,0.0,0.0,0.0,0.0,0.04,0.01,0.0,0.15,0.2,0.08,0.16,0.61,0.04,0.04,0.0,0.96,0.01,0.76,0.0,0.1,0.17,0.55,0.0,0.0,0.03,0.03,0.0,0.74,0.0,0.0,0.19
geo_norm,0.31,0.59,0.57,0.14,0.68,0.56,0.5,0.99,0.71,0.01,0.03,0.0,0.49,0.62,0.42,0.19,0.12,0.35,0.22,0.37,0.29,0.73,0.0,0.0,0.0,0.14,0.27,0.09,0.0,0.0,0.0,0.0,0.01,0.0,0.0,0.0,0.0,0.76,0.44,0.0,0.0,0.0,0.14,0.27,0.09,0.0,0.0,0.0,0.0,0.01,0.0,0.0,0.0,0.0,0.21,0.04,0.01,0.4,0.75,0.19,0.76,0.94,0.0,0.24,0.34,0.91,0.01,0.98,0.33,0.4,0.03,0.06,0.0,0.0,0.52,0.07,0.01,0.0,0.0,0.0,0.0
arch_norm,0.01,0.74,0.87,0.56,0.45,0.56,0.63,0.12,0.68,0.06,0.12,0.0,0.88,0.34,0.57,0.78,0.02,0.02,0.71,0.82,0.69,0.43,0.0,0.01,0.03,0.03,0.03,0.09,0.0,0.0,0.0,0.0,0.0,0.0,0.49,0.0,0.0,0.45,0.37,0.0,0.01,0.03,0.03,0.03,0.09,0.0,0.0,0.0,0.0,0.0,0.0,0.49,0.0,0.0,0.13,0.09,0.0,0.39,0.74,0.29,0.24,0.33,0.05,0.12,0.01,0.8,0.07,0.81,0.0,0.08,0.11,0.46,0.0,0.0,0.06,0.0,0.0,0.47,0.0,0.3,0.8
do_question_norm,0.24,0.48,0.06,0.32,0.21,0.87,0.84,0.06,0.02,0.85,0.3,0.02,0.05,0.2,0.46,0.83,0.75,0.42,0.72,0.03,0.33,0.24,0.0,0.0,0.0,0.24,0.0,0.08,0.01,0.0,0.0,0.0,0.0,0.0,0.13,0.0,0.0,0.88,0.65,0.0,0.0,0.0,0.24,0.0,0.08,0.01,0.0,0.0,0.0,0.0,0.0,0.13,0.0,0.0,0.52,0.59,0.11,0.59,0.27,0.17,0.0,0.0,0.0,0.41,0.19,0.7,0.03,0.44,0.16,0.0,0.0,0.3,0.01,0.27,0.23,0.0,0.06,0.0,0.21,0.14,0.53
do_question_single_norm,0.89,0.74,0.67,0.91,0.33,0.8,0.69,0.07,0.01,0.34,0.01,0.27,0.4,0.43,0.98,0.71,0.75,0.8,0.7,0.4,0.9,0.38,0.0,0.01,0.0,0.32,0.0,0.65,0.19,0.01,0.0,0.0,0.0,0.0,0.5,0.0,0.0,0.76,0.75,0.0,0.01,0.0,0.32,0.0,0.65,0.19,0.01,0.0,0.0,0.0,0.0,0.5,0.0,0.0,0.38,0.5,0.5,0.7,0.76,0.17,0.0,0.0,0.13,0.86,0.25,0.73,0.28,0.41,0.65,0.0,0.03,0.27,0.12,0.9,0.97,0.0,0.47,0.0,0.91,0.5,0.98
do_question_group_norm,0.06,0.45,0.01,0.11,0.41,0.84,0.94,0.15,0.28,0.42,0.45,0.01,0.01,0.33,0.25,0.95,0.35,0.09,0.79,0.0,0.17,0.45,0.0,0.02,0.0,0.37,0.0,0.01,0.0,0.0,0.0,0.0,0.0,0.0,0.04,0.0,0.0,0.35,0.64,0.0,0.02,0.0,0.37,0.0,0.01,0.0,0.0,0.0,0.0,0.0,0.0,0.04,0.0,0.0,0.92,0.9,0.06,0.71,0.17,0.39,0.05,0.0,0.0,0.3,0.35,0.38,0.0,0.74,0.13,0.11,0.0,0.49,0.01,0.05,0.04,0.0,0.04,0.16,0.02,0.09,0.15
collect_norm,0.45,0.78,0.7,0.77,0.84,0.06,0.79,0.51,0.15,0.13,0.12,0.3,0.26,0.39,0.64,0.2,0.34,0.51,0.16,0.47,0.74,0.83,0.0,0.01,0.0,0.36,0.09,0.32,0.0,0.0,0.49,0.13,0.5,0.04,0.0,0.0,0.07,0.12,0.01,0.0,0.01,0.0,0.36,0.09,0.32,0.0,0.0,0.49,0.13,0.5,0.04,0.0,0.0,0.07,0.43,0.02,0.13,0.93,0.29,0.37,0.6,0.9,0.0,0.51,0.43,0.08,0.4,0.18,0.76,0.52,0.51,0.0,0.19,0.26,0.11,0.88,0.7,0.76,0.6,0.0,0.0
total_answers_norm,0.04,0.47,0.93,0.24,0.91,0.02,0.08,0.63,0.88,0.18,0.25,0.0,0.78,0.63,0.6,0.17,0.04,0.05,0.15,0.81,0.48,0.97,0.0,0.0,0.0,0.0,0.0,0.0,0.0,0.0,0.0,0.0,0.0,0.0,0.0,0.0,0.0,0.31,0.14,0.0,0.0,0.0,0.0,0.0,0.0,0.0,0.0,0.0,0.0,0.0,0.0,0.0,0.0,0.0,0.0,0.0,0.0,0.0,0.02,0.0,0.46,0.14,0.0,0.0,0.0,0.08,0.0,0.31,0.0,0.0,0.0,0.02,0.0,0.0,0.04,0.0,0.0,0.05,0.01,0.01,0.05
total_categories_norm,0.42,0.87,0.9,0.31,0.42,0.45,0.45,0.9,0.01,0.19,0.73,0.04,0.94,0.15,0.51,0.17,0.31,0.44,0.29,0.99,0.51,0.34,0.0,0.0,0.0,0.0,0.04,0.0,0.0,0.0,0.0,0.0,0.0,0.0,0.07,0.0,0.0,0.47,0.03,0.0,0.0,0.0,0.0,0.04,0.0,0.0,0.0,0.0,0.0,0.0,0.0,0.07,0.0,0.0,0.0,0.0,0.01,0.04,0.55,0.0,0.33,0.61,0.0,0.04,0.0,0.01,0.0,0.85,0.01,0.0,0.21,0.42,0.0,0.0,0.16,0.04,0.01,0.24,0.0,0.06,0.33
age,0.34,0.05,0.27,0.08,0.42,0.63,0.7,0.01,0.49,0.11,0.93,0.75,0.34,0.17,0.05,0.01,0.17,0.13,0.05,0.17,0.05,0.28,0.2,0.09,0.09,0.21,0.36,0.37,0.16,0.76,0.45,0.88,0.76,0.35,0.12,0.31,0.47,0.0,0.2,0.2,0.09,0.09,0.21,0.36,0.37,0.16,0.76,0.45,0.88,0.76,0.35,0.12,0.31,0.47,0.14,0.18,0.21,0.35,0.99,0.35,0.07,0.09,0.8,0.92,0.12,0.09,0.76,0.08,0.83,0.05,0.59,0.47,0.39,0.33,0.74,0.92,0.38,0.79,0.63,0.22,0.32
sex,0.99,0.34,0.9,0.35,0.01,0.06,0.01,0.14,0.6,0.02,0.53,0.89,0.8,0.0,0.14,0.51,0.83,0.88,0.52,0.92,0.19,0.0,0.09,0.0,0.0,0.09,0.22,0.37,0.02,0.44,0.37,0.65,0.75,0.64,0.01,0.14,0.03,0.2,0.0,0.09,0.0,0.0,0.09,0.22,0.37,0.02,0.44,0.37,0.65,0.75,0.64,0.01,0.14,0.03,0.44,0.01,0.17,0.45,0.1,0.01,0.4,0.47,0.61,0.56,0.52,0.05,0.35,0.16,0.02,0.11,0.05,0.24,0.09,0.68,0.23,0.26,0.78,0.44,0.6,0.02,0.0
alfa,0.01,0.73,0.76,0.67,0.39,0.13,0.26,0.21,0.9,0.0,0.02,0.0,0.69,0.21,0.48,0.59,0.01,0.01,0.46,0.7,0.6,0.35,0.0,0.0,0.0,0.0,0.05,0.11,0.0,0.0,0.0,0.0,0.0,0.0,0.0,0.0,0.0,0.2,0.09,0.0,0.0,0.0,0.0,0.05,0.11,0.0,0.0,0.0,0.0,0.0,0.0,0.0,0.0,0.0,0.07,0.02,0.0,0.24,0.45,0.1,0.23,0.81,0.01,0.04,0.0,0.88,0.04,0.75,0.0,0.03,0.08,0.48,0.0,0.0,0.09,0.0,0.0,0.56,0.0,0.0,0.32
beta,0.2,0.96,0.69,0.89,0.92,0.0,0.0,0.89,0.16,0.99,0.61,0.37,0.64,0.41,0.71,0.52,0.12,0.22,0.52,0.73,0.86,1.0,0.0,0.0,0.0,0.0,0.3,0.65,0.0,0.0,0.01,0.0,0.01,0.02,0.01,0.0,0.0,0.09,0.0,0.0,0.0,0.0,0.0,0.3,0.65,0.0,0.0,0.01,0.0,0.01,0.02,0.01,0.0,0.0,0.0,0.0,0.0,0.0,0.56,0.0,0.51,0.51,0.05,0.0,0.0,0.46,0.47,0.87,0.02,0.0,0.01,0.84,0.04,0.02,0.23,0.32,0.12,0.52,0.97,0.14,0.0
scie,0.55,0.82,0.66,0.87,0.88,0.0,0.06,0.66,0.61,0.74,0.66,0.69,0.66,0.44,0.41,0.82,0.44,0.52,0.96,0.71,0.7,0.96,0.0,0.0,0.0,0.0,0.07,1.0,0.0,0.0,0.03,0.0,0.0,0.0,0.0,0.0,0.0,0.09,0.0,0.0,0.0,0.0,0.0,0.07,1.0,0.0,0.0,0.03,0.0,0.0,0.0,0.0,0.0,0.0,0.0,0.0,0.0,0.01,0.78,0.0,0.68,0.25,0.04,0.01,0.01,0.28,0.11,0.79,0.02,0.0,0.0,0.79,0.17,0.06,0.48,0.3,0.28,0.22,0.61,0.09,0.0
math,0.14,0.82,0.88,0.71,0.92,0.0,0.0,0.54,0.07,0.63,0.7,0.36,0.77,0.51,0.87,0.42,0.11,0.18,0.35,0.92,0.93,0.98,0.0,0.0,0.0,0.0,0.98,0.46,0.0,0.14,0.03,0.24,0.32,0.37,0.36,0.0,0.0,0.21,0.09,0.0,0.0,0.0,0.0,0.98,0.46,0.0,0.14,0.03,0.24,0.32,0.37,0.36,0.0,0.0,0.0,0.0,0.0,0.0,0.44,0.0,0.11,0.99,0.25,0.0,0.0,0.9,0.77,0.61,0.08,0.0,0.56,0.94,0.05,0.06,0.14,0.58,0.15,0.91,0.71,0.41,0.37
sport,0.86,0.79,0.12,0.37,0.88,0.53,0.42,0.0,0.11,0.15,0.4,0.34,0.13,0.96,0.49,0.66,0.27,0.6,0.58,0.12,0.37,0.87,0.05,0.3,0.07,0.98,0.0,0.01,0.06,0.27,0.03,0.0,0.0,0.0,0.09,0.0,0.04,0.36,0.22,0.05,0.3,0.07,0.98,0.0,0.01,0.06,0.27,0.03,0.0,0.0,0.0,0.09,0.0,0.04,0.84,0.58,0.93,0.39,0.0,0.92,0.0,0.0,0.1,0.94,0.61,0.13,0.01,0.02,0.0,0.03,0.01,0.0,0.52,0.71,0.27,0.56,0.46,0.15,0.39,0.39,0.81
ent,0.62,0.57,0.63,0.28,0.17,0.18,0.13,0.5,0.02,0.31,0.08,0.6,0.85,0.11,0.14,0.43,0.61,0.83,0.68,0.55,0.13,0.21,0.11,0.65,1.0,0.46,0.01,0.0,0.05,0.09,0.09,0.08,0.65,0.01,0.32,0.0,0.0,0.37,0.37,0.11,0.65,1.0,0.46,0.01,0.0,0.05,0.09,0.09,0.08,0.65,0.01,0.32,0.0,0.0,0.71,0.31,0.22,0.35,0.04,0.28,0.29,0.9,0.26,0.69,0.83,0.0,0.0,0.06,0.22,0.9,0.24,0.27,0.02,0.1,0.0,0.58,0.15,0.2,0.0,0.91,0.02
hist,0.01,0.66,0.6,0.65,0.61,0.09,0.15,0.27,0.55,0.0,0.0,0.0,0.55,0.28,0.51,0.56,0.0,0.0,0.44,0.42,0.57,0.43,0.0,0.0,0.0,0.0,0.06,0.05,0.0,0.0,0.0,0.01,0.19,0.0,0.0,0.0,0.0,0.16,0.02,0.0,0.0,0.0,0.0,0.06,0.05,0.0,0.0,0.0,0.01,0.19,0.0,0.0,0.0,0.0,0.04,0.01,0.0,0.15,0.2,0.08,0.16,0.61,0.04,0.04,0.0,0.96,0.01,0.76,0.0,0.1,0.17,0.55,0.0,0.0,0.03,0.03,0.0,0.74,0.0,0.0,0.19
geo,0.31,0.59,0.57,0.14,0.68,0.56,0.5,0.99,0.71,0.01,0.03,0.0,0.49,0.62,0.42,0.19,0.12,0.35,0.22,0.37,0.29,0.73,0.0,0.0,0.0,0.14,0.27,0.09,0.0,0.0,0.0,0.0,0.01,0.0,0.0,0.0,0.0,0.76,0.44,0.0,0.0,0.0,0.14,0.27,0.09,0.0,0.0,0.0,0.0,0.01,0.0,0.0,0.0,0.0,0.21,0.04,0.01,0.4,0.75,0.19,0.76,0.94,0.0,0.24,0.34,0.91,0.01,0.98,0.33,0.4,0.03,0.06,0.0,0.0,0.52,0.07,0.01,0.0,0.0,0.0,0.0
arch,0.01,0.74,0.87,0.56,0.45,0.56,0.63,0.12,0.68,0.06,0.12,0.0,0.88,0.34,0.57,0.78,0.02,0.02,0.71,0.82,0.69,0.43,0.0,0.01,0.03,0.03,0.03,0.09,0.0,0.0,0.0,0.0,0.0,0.0,0.49,0.0,0.0,0.45,0.37,0.0,0.01,0.03,0.03,0.03,0.09,0.0,0.0,0.0,0.0,0.0,0.0,0.49,0.0,0.0,0.13,0.09,0.0,0.39,0.74,0.29,0.24,0.33,0.05,0.12,0.01,0.8,0.07,0.81,0.0,0.08,0.11,0.46,0.0,0.0,0.06,0.0,0.0,0.47,0.0,0.3,0.8
do_question,0.24,0.48,0.06,0.32,0.21,0.87,0.84,0.06,0.02,0.85,0.3,0.02,0.05,0.2,0.46,0.83,0.75,0.42,0.72,0.03,0.33,0.24,0.0,0.0,0.0,0.24,0.0,0.08,0.01,0.0,0.0,0.0,0.0,0.0,0.13,0.0,0.0,0.88,0.65,0.0,0.0,0.0,0.24,0.0,0.08,0.01,0.0,0.0,0.0,0.0,0.0,0.13,0.0,0.0,0.52,0.59,0.11,0.59,0.27,0.17,0.0,0.0,0.0,0.41,0.19,0.7,0.03,0.44,0.16,0.0,0.0,0.3,0.01,0.27,0.23,0.0,0.06,0.0,0.21,0.14,0.53
do_question_single,0.89,0.74,0.67,0.91,0.33,0.8,0.69,0.07,0.01,0.34,0.01,0.27,0.4,0.43,0.98,0.71,0.75,0.8,0.7,0.4,0.9,0.38,0.0,0.01,0.0,0.32,0.0,0.65,0.19,0.01,0.0,0.0,0.0,0.0,0.5,0.0,0.0,0.76,0.75,0.0,0.01,0.0,0.32,0.0,0.65,0.19,0.01,0.0,0.0,0.0,0.0,0.5,0.0,0.0,0.38,0.5,0.5,0.7,0.76,0.17,0.0,0.0,0.13,0.86,0.25,0.73,0.28,0.41,0.65,0.0,0.03,0.27,0.12,0.9,0.97,0.0,0.47,0.0,0.91,0.5,0.98
do_question_group,0.06,0.45,0.01,0.11,0.41,0.84,0.94,0.15,0.28,0.42,0.45,0.01,0.01,0.33,0.25,0.95,0.35,0.09,0.79,0.0,0.17,0.45,0.0,0.02,0.0,0.37,0.0,0.01,0.0,0.0,0.0,0.0,0.0,0.0,0.04,0.0,0.0,0.35,0.64,0.0,0.02,0.0,0.37,0.0,0.01,0.0,0.0,0.0,0.0,0.0,0.0,0.04,0.0,0.0,0.92,0.9,0.06,0.71,0.17,0.39,0.05,0.0,0.0,0.3,0.35,0.38,0.0,0.74,0.13,0.11,0.0,0.49,0.01,0.05,0.04,0.0,0.04,0.16,0.02,0.09,0.15
collect,0.45,0.78,0.7,0.77,0.84,0.06,0.79,0.51,0.15,0.13,0.12,0.3,0.26,0.39,0.64,0.2,0.34,0.51,0.16,0.47,0.74,0.83,0.0,0.01,0.0,0.36,0.09,0.32,0.0,0.0,0.49,0.13,0.5,0.04,0.0,0.0,0.07,0.12,0.01,0.0,0.01,0.0,0.36,0.09,0.32,0.0,0.0,0.49,0.13,0.5,0.04,0.0,0.0,0.07,0.43,0.02,0.13,0.93,0.29,0.37,0.6,0.9,0.0,0.51,0.43,0.08,0.4,0.18,0.76,0.52,0.51,0.0,0.19,0.26,0.11,0.88,0.7,0.76,0.6,0.0,0.0
total_answers,0.04,0.47,0.93,0.24,0.91,0.02,0.08,0.63,0.88,0.18,0.25,0.0,0.78,0.63,0.6,0.17,0.04,0.05,0.15,0.81,0.48,0.97,0.0,0.0,0.0,0.0,0.0,0.0,0.0,0.0,0.0,0.0,0.0,0.0,0.0,0.0,0.0,0.31,0.14,0.0,0.0,0.0,0.0,0.0,0.0,0.0,0.0,0.0,0.0,0.0,0.0,0.0,0.0,0.0,0.0,0.0,0.0,0.0,0.02,0.0,0.46,0.14,0.0,0.0,0.0,0.08,0.0,0.31,0.0,0.0,0.0,0.02,0.0,0.0,0.04,0.0,0.0,0.05,0.01,0.01,0.05
total_categories,0.42,0.87,0.9,0.31,0.42,0.45,0.45,0.9,0.01,0.19,0.73,0.04,0.94,0.15,0.51,0.17,0.31,0.44,0.29,0.99,0.51,0.34,0.0,0.0,0.0,0.0,0.04,0.0,0.0,0.0,0.0,0.0,0.0,0.0,0.07,0.0,0.0,0.47,0.03,0.0,0.0,0.0,0.0,0.04,0.0,0.0,0.0,0.0,0.0,0.0,0.0,0.07,0.0,0.0,0.0,0.0,0.01,0.04,0.55,0.0,0.33,0.61,0.0,0.04,0.0,0.01,0.0,0.85,0.01,0.0,0.21,0.42,0.0,0.0,0.16,0.04,0.01,0.24,0.0,0.06,0.33
wet1,0.45,0.25,0.12,0.79,0.28,0.04,0.19,0.78,0.65,0.45,0.36,0.32,0.13,0.83,0.4,0.36,0.37,0.45,0.33,0.08,0.83,0.65,0.07,0.0,0.0,0.0,0.84,0.71,0.04,0.21,0.13,0.52,0.38,0.92,0.43,0.0,0.0,0.14,0.44,0.07,0.0,0.0,0.0,0.84,0.71,0.04,0.21,0.13,0.52,0.38,0.92,0.43,0.0,0.0,0.0,0.0,0.04,0.0,0.12,0.0,0.93,0.91,0.87,0.03,0.01,0.88,0.52,0.54,0.1,0.02,0.87,0.76,0.34,0.07,0.9,0.99,0.17,0.7,0.83,0.78,0.26
wet2,0.71,0.4,0.02,0.53,0.19,0.08,0.25,0.71,0.75,0.71,0.47,0.49,0.06,0.8,0.43,0.79,0.79,0.71,0.65,0.02,0.6,0.51,0.02,0.0,0.0,0.0,0.58,0.31,0.01,0.04,0.09,0.59,0.5,0.9,0.02,0.0,0.0,0.18,0.01,0.02,0.0,0.0,0.0,0.58,0.31,0.01,0.04,0.09,0.59,0.5,0.9,0.02,0.0,0.0,0.0,0.0,0.02,0.01,0.68,0.0,0.96,0.59,0.4,0.01,0.14,0.7,0.08,0.51,0.05,0.06,0.71,0.59,0.25,0.16,0.82,0.81,0.1,0.59,0.71,0.13,0.02
ges3,0.01,0.29,0.52,0.82,0.74,0.0,0.08,0.1,0.16,0.0,0.02,0.06,0.44,0.59,0.87,0.37,0.0,0.0,0.3,0.32,0.98,0.79,0.0,0.0,0.0,0.0,0.93,0.22,0.0,0.01,0.0,0.11,0.5,0.06,0.13,0.0,0.01,0.21,0.17,0.0,0.0,0.0,0.0,0.93,0.22,0.0,0.01,0.0,0.11,0.5,0.06,0.13,0.0,0.01,0.04,0.02,0.0,0.02,0.3,0.03,0.07,0.22,0.48,0.01,0.01,0.71,0.19,0.79,0.0,0.05,0.05,0.63,0.0,0.01,0.2,0.18,0.0,0.87,0.01,0.1,0.19
wis1,0.33,0.28,0.65,0.51,0.49,0.01,0.0,0.64,0.19,0.49,0.66,0.94,0.5,0.89,0.7,0.26,0.2,0.46,0.31,0.84,0.46,0.79,0.24,0.0,0.01,0.0,0.39,0.35,0.15,0.4,0.39,0.59,0.7,0.71,0.93,0.0,0.04,0.35,0.45,0.24,0.0,0.01,0.0,0.39,0.35,0.15,0.4,0.39,0.59,0.7,0.71,0.93,0.0,0.04,0.0,0.01,0.02,0.0,0.76,0.0,0.12,0.33,0.76,0.0,0.0,0.67,0.56,0.44,0.61,0.4,0.76,0.98,0.24,0.11,0.19,0.75,0.41,0.93,0.86,0.58,0.67
spo1,0.79,0.84,0.37,0.73,0.59,0.12,0.24,0.04,0.64,0.9,0.3,0.3,0.83,0.73,0.32,0.66,0.85,0.74,0.56,0.46,0.48,0.74,0.45,0.56,0.78,0.44,0.0,0.04,0.2,0.75,0.74,0.27,0.76,0.17,0.29,0.02,0.55,0.99,0.1,0.45,0.56,0.78,0.44,0.0,0.04,0.2,0.75,0.74,0.27,0.76,0.17,0.29,0.02,0.55,0.12,0.68,0.3,0.76,0.0,0.97,0.21,0.72,0.74,0.64,0.16,0.34,0.04,0.26,0.0,0.44,0.09,0.02,0.78,0.24,0.11,0.12,0.78,0.55,0.23,0.47,0.87
wis4,0.21,0.43,0.56,0.57,0.31,0.01,0.0,0.9,0.41,0.62,0.29,0.88,0.61,0.14,0.54,0.81,0.1,0.3,0.83,0.49,0.65,0.35,0.1,0.0,0.0,0.0,0.92,0.28,0.08,0.19,0.29,0.17,0.17,0.39,0.37,0.0,0.0,0.35,0.01,0.1,0.0,0.0,0.0,0.92,0.28,0.08,0.19,0.29,0.17,0.17,0.39,0.37,0.0,0.0,0.0,0.0,0.03,0.0,0.97,0.0,0.74,0.41,0.4,0.0,0.0,0.51,0.68,0.36,0.45,0.01,0.35,0.38,0.31,0.16,0.14,0.9,0.45,0.9,0.81,0.43,0.17
spo2,0.64,0.58,0.14,0.92,0.49,0.15,0.92,0.0,0.0,0.07,0.03,0.03,0.07,0.99,0.46,0.57,0.3,0.37,0.68,0.19,0.4,0.46,0.23,0.51,0.68,0.11,0.0,0.29,0.16,0.76,0.24,0.0,0.0,0.05,0.6,0.46,0.33,0.07,0.4,0.23,0.51,0.68,0.11,0.0,0.29,0.16,0.76,0.24,0.0,0.0,0.05,0.6,0.46,0.33,0.93,0.96,0.07,0.12,0.21,0.74,0.0,0.0,0.23,0.01,0.09,0.67,0.28,0.78,0.61,0.19,0.76,0.41,0.5,0.31,0.51,0.86,0.07,0.53,0.48,0.58,0.94
spo3,0.85,0.45,0.08,0.8,0.22,0.77,0.43,0.01,0.23,0.0,0.05,0.97,0.31,0.57,0.95,0.59,0.16,0.58,0.91,0.18,1.0,0.32,0.81,0.51,0.25,0.99,0.0,0.9,0.61,0.94,0.33,0.0,0.0,0.0,0.9,0.14,0.61,0.09,0.47,0.81,0.51,0.25,0.99,0.0,0.9,0.61,0.94,0.33,0.0,0.0,0.0,0.9,0.14,0.61,0.91,0.59,0.22,0.33,0.72,0.41,0.0,0.0,0.27,0.92,0.9,0.54,0.86,0.72,0.68,0.22,0.03,0.64,0.99,0.07,0.48,0.02,0.65,0.02,0.02,0.85,0.86
aar3,0.24,0.77,0.27,0.23,0.92,0.37,0.82,0.55,0.88,0.11,0.06,0.0,0.1,0.72,0.38,0.52,0.39,0.34,0.45,0.08,0.3,0.97,0.01,0.05,0.04,0.25,0.1,0.26,0.04,0.0,0.05,0.0,0.13,0.0,0.0,0.0,0.0,0.8,0.61,0.01,0.05,0.04,0.25,0.1,0.26,0.04,0.0,0.05,0.0,0.13,0.0,0.0,0.0,0.0,0.87,0.4,0.48,0.76,0.74,0.4,0.23,0.27,0.0,0.16,0.4,0.71,0.19,0.52,0.34,0.33,0.0,0.08,0.18,0.0,0.47,0.07,0.2,0.87,0.43,0.01,0.08
wis2,0.37,0.48,0.36,0.88,0.08,0.03,0.0,0.72,0.0,0.72,0.56,0.31,0.46,0.18,0.88,0.77,0.41,0.35,0.3,0.48,0.67,0.06,0.04,0.0,0.01,0.0,0.94,0.69,0.04,0.24,0.12,0.41,0.86,0.3,0.51,0.0,0.04,0.92,0.56,0.04,0.0,0.01,0.0,0.94,0.69,0.04,0.24,0.12,0.41,0.86,0.3,0.51,0.0,0.04,0.03,0.01,0.01,0.0,0.64,0.0,0.01,0.92,0.16,0.0,0.0,0.97,0.99,0.88,0.04,0.1,0.23,0.47,0.45,0.19,0.28,0.45,0.43,0.92,0.85,0.72,0.6
wis3,0.21,0.9,0.23,0.05,0.31,0.17,0.04,0.21,0.41,0.62,0.54,0.13,0.43,0.28,0.15,0.21,0.31,0.22,0.29,0.27,0.13,0.47,0.0,0.0,0.01,0.0,0.61,0.83,0.0,0.34,0.01,0.19,0.25,0.35,0.43,0.0,0.0,0.12,0.52,0.0,0.0,0.01,0.0,0.61,0.83,0.0,0.34,0.01,0.19,0.25,0.35,0.43,0.0,0.0,0.01,0.14,0.01,0.0,0.16,0.0,0.09,0.9,0.4,0.0,0.0,0.5,0.97,0.99,0.08,0.0,0.96,0.54,0.0,0.16,0.72,0.31,0.1,0.73,0.25,0.21,0.97
ent1,0.17,0.64,0.36,0.7,0.15,0.12,0.38,0.99,0.32,0.35,0.04,0.25,0.58,0.13,0.5,0.42,0.61,0.26,0.46,0.47,0.33,0.13,0.88,0.46,0.28,0.9,0.13,0.0,0.96,0.91,0.8,0.7,0.73,0.38,0.08,0.08,0.01,0.09,0.05,0.88,0.46,0.28,0.9,0.13,0.0,0.96,0.91,0.8,0.7,0.73,0.38,0.08,0.08,0.01,0.88,0.7,0.71,0.67,0.34,0.51,0.67,0.54,0.71,0.97,0.5,0.0,0.0,0.03,0.89,0.71,0.71,0.19,0.55,0.06,0.01,0.79,0.79,0.88,0.23,0.17,0.01
ent2,0.5,0.82,0.72,0.1,0.9,0.91,0.1,0.26,0.0,0.08,0.18,0.35,0.76,0.96,0.09,0.6,0.39,0.64,0.97,0.9,0.09,0.86,0.04,0.47,0.11,0.77,0.01,0.0,0.01,0.01,0.07,0.03,0.28,0.0,0.4,0.0,0.0,0.76,0.35,0.04,0.47,0.11,0.77,0.01,0.0,0.01,0.01,0.07,0.03,0.28,0.0,0.4,0.0,0.0,0.52,0.08,0.19,0.56,0.04,0.68,0.28,0.86,0.19,0.99,0.97,0.0,0.0,0.41,0.04,0.62,0.07,0.64,0.02,0.26,0.01,0.79,0.48,0.09,0.01,0.26,0.91
spo4,0.39,0.0,0.88,0.01,0.16,0.41,0.1,0.95,0.21,0.24,0.9,0.41,0.58,0.05,0.01,0.0,0.33,0.32,0.01,0.92,0.01,0.08,0.75,0.87,0.79,0.61,0.02,0.06,0.76,0.98,0.81,0.44,0.41,0.74,0.18,0.31,0.85,0.08,0.16,0.75,0.87,0.79,0.61,0.02,0.06,0.76,0.98,0.81,0.44,0.41,0.74,0.18,0.31,0.85,0.54,0.51,0.79,0.44,0.26,0.36,0.78,0.72,0.52,0.88,0.99,0.03,0.41,0.0,0.58,0.58,0.79,0.0,0.83,0.1,0.27,0.83,0.83,0.54,0.09,0.95,0.92
arc2,0.71,0.39,0.84,0.85,0.95,0.59,0.21,0.11,0.78,0.15,0.13,0.04,0.59,0.47,0.23,0.32,0.84,0.73,0.34,0.83,0.49,0.75,0.0,0.02,0.02,0.08,0.0,0.22,0.0,0.33,0.0,0.16,0.65,0.13,0.76,0.0,0.01,0.83,0.02,0.0,0.02,0.02,0.08,0.0,0.22,0.0,0.33,0.0,0.16,0.65,0.13,0.76,0.0,0.01,0.1,0.05,0.0,0.61,0.0,0.45,0.61,0.68,0.34,0.04,0.08,0.89,0.04,0.58,0.0,0.07,0.05,0.8,0.02,0.16,0.41,0.74,0.01,0.92,0.49,0.39,0.67
wet3,0.64,0.62,0.9,0.92,0.39,0.15,0.09,0.99,0.25,0.61,0.27,0.19,0.82,0.13,0.63,0.62,0.93,0.71,0.93,0.89,0.68,0.27,0.03,0.0,0.0,0.0,0.03,0.9,0.1,0.4,0.08,0.0,0.0,0.11,0.52,0.0,0.0,0.05,0.11,0.03,0.0,0.0,0.0,0.03,0.9,0.1,0.4,0.08,0.0,0.0,0.11,0.52,0.0,0.0,0.02,0.06,0.05,0.4,0.44,0.01,0.19,0.22,0.33,0.1,0.0,0.71,0.62,0.58,0.07,0.0,0.17,0.7,0.51,0.92,0.56,0.04,0.78,0.44,0.97,0.62,0.62
wet4,0.13,0.02,0.05,0.8,0.33,0.07,0.48,0.04,0.72,0.54,0.93,0.21,0.03,0.45,0.93,0.04,0.64,0.16,0.04,0.02,0.86,0.65,0.08,0.01,0.0,0.56,0.01,0.24,0.17,0.03,0.11,0.0,0.03,0.0,0.51,0.0,0.21,0.59,0.05,0.08,0.01,0.0,0.56,0.01,0.24,0.17,0.03,0.11,0.0,0.03,0.0,0.51,0.0,0.21,0.87,0.71,0.05,0.76,0.09,0.35,0.76,0.03,0.0,0.23,0.96,0.71,0.07,0.79,0.05,0.17,0.0,0.8,0.4,0.08,0.14,0.08,0.98,0.12,0.03,0.88,0.37
spo6,0.49,0.49,0.28,0.14,0.13,0.64,0.14,0.49,0.88,0.63,0.99,0.13,0.6,0.25,0.55,0.34,0.92,0.29,0.24,0.73,0.27,0.15,0.48,0.84,0.79,0.94,0.0,0.27,0.55,0.06,0.46,0.3,0.27,0.49,0.0,0.02,0.42,0.47,0.24,0.48,0.84,0.79,0.94,0.0,0.27,0.55,0.06,0.46,0.3,0.27,0.49,0.0,0.02,0.42,0.76,0.59,0.63,0.98,0.02,0.38,0.41,0.64,0.08,0.47,0.54,0.19,0.64,0.0,0.8,0.7,0.8,0.0,0.75,0.14,0.61,0.75,0.25,0.27,0.54,0.41,0.64
ges1,0.02,0.44,0.98,0.72,0.32,0.79,0.9,0.05,0.43,0.0,0.03,0.0,0.83,0.25,0.72,0.34,0.0,0.01,0.43,0.81,0.51,0.19,0.0,0.04,0.17,0.05,0.52,0.02,0.0,0.0,0.0,0.01,0.12,0.01,0.19,0.0,0.0,0.39,0.09,0.0,0.04,0.17,0.05,0.52,0.02,0.0,0.0,0.0,0.01,0.12,0.01,0.19,0.0,0.0,0.34,0.25,0.0,0.24,0.78,0.31,0.5,0.99,0.18,0.45,0.0,0.55,0.02,0.83,0.02,0.51,0.4,0.75,0.0,0.0,0.02,0.01,0.0,0.65,0.0,0.14,0.54
aar4,0.95,0.67,0.32,0.15,0.76,0.26,0.74,0.57,0.32,0.03,0.02,0.0,0.18,0.76,0.94,0.86,0.33,0.9,0.66,0.25,0.69,0.44,0.0,0.02,0.06,0.06,0.71,0.1,0.0,0.0,0.0,0.27,0.9,0.05,0.26,0.0,0.0,0.33,0.68,0.0,0.02,0.06,0.06,0.71,0.1,0.0,0.0,0.0,0.27,0.9,0.05,0.26,0.0,0.0,0.07,0.16,0.01,0.11,0.24,0.16,0.31,0.07,0.0,0.19,0.16,0.06,0.26,0.1,0.16,0.92,0.08,0.14,0.0,0.0,0.79,0.07,0.04,0.44,0.32,0.67,0.52
ent3,0.11,0.51,0.56,0.79,0.03,0.07,0.38,0.92,0.67,0.06,0.99,0.26,0.83,0.01,0.4,0.7,0.47,0.06,0.89,0.37,0.6,0.08,0.09,0.23,0.48,0.14,0.27,0.0,0.03,0.52,0.06,0.23,0.97,0.04,0.11,0.04,0.16,0.74,0.23,0.09,0.23,0.48,0.14,0.27,0.0,0.03,0.52,0.06,0.23,0.97,0.04,0.11,0.04,0.16,0.9,0.82,0.2,0.19,0.11,0.14,0.51,0.48,0.47,0.28,0.72,0.01,0.01,0.27,0.41,0.56,0.14,0.61,0.02,0.79,0.0,0.3,0.01,0.19,0.01,0.92,0.0
arc1,0.31,0.91,0.68,0.9,0.15,0.86,0.72,0.31,0.19,0.4,0.33,0.0,0.79,0.31,0.59,0.91,0.61,0.53,0.98,0.32,0.79,0.42,0.0,0.32,0.3,0.58,0.56,0.58,0.03,0.07,0.0,0.0,0.0,0.0,0.88,0.0,0.04,0.92,0.26,0.0,0.32,0.3,0.58,0.56,0.58,0.03,0.07,0.0,0.0,0.0,0.0,0.88,0.0,0.04,0.99,0.81,0.18,0.75,0.12,0.9,0.86,0.02,0.07,0.45,0.31,0.79,0.79,0.83,0.74,0.04,0.08,0.75,0.01,0.07,0.3,0.0,0.01,0.36,0.62,0.91,0.48
arc3,0.01,0.31,0.39,0.11,0.58,0.25,0.72,0.01,0.19,0.2,0.15,0.0,0.64,0.8,0.54,0.44,0.01,0.01,0.32,0.47,0.55,0.7,0.0,0.12,0.28,0.15,0.46,0.15,0.0,0.01,0.0,0.06,0.47,0.04,0.7,0.0,0.01,0.38,0.78,0.0,0.12,0.28,0.15,0.46,0.15,0.0,0.01,0.0,0.06,0.47,0.04,0.7,0.0,0.01,0.17,0.1,0.0,0.41,0.78,0.45,0.07,0.65,0.2,0.43,0.1,0.79,0.48,0.83,0.01,0.78,0.98,0.25,0.0,0.04,0.01,0.01,0.0,0.63,0.0,0.74,0.86
aar1,0.78,0.78,0.42,0.8,0.44,0.77,0.43,0.09,0.32,0.77,0.16,0.66,0.84,0.57,0.6,0.79,0.5,0.59,0.92,0.55,0.75,0.51,0.56,0.52,0.22,0.91,0.15,0.2,0.74,0.0,0.47,0.0,0.0,0.16,0.76,0.05,0.24,0.79,0.44,0.56,0.52,0.22,0.91,0.15,0.2,0.74,0.0,0.47,0.0,0.0,0.16,0.76,0.05,0.24,0.7,0.59,0.87,0.93,0.55,0.9,0.53,0.02,0.87,0.92,0.73,0.88,0.09,0.54,0.92,0.44,0.12,0.27,0.65,0.44,0.19,0.36,0.63,0.0,0.49,0.85,0.86
aar2,0.14,0.19,0.51,0.13,0.76,0.3,0.32,0.01,0.46,0.01,0.07,0.07,0.8,0.66,0.19,0.13,0.04,0.09,0.16,0.53,0.17,0.84,0.0,0.97,0.61,0.71,0.39,0.0,0.0,0.0,0.0,0.21,0.91,0.02,0.6,0.01,0.0,0.63,0.6,0.0,0.97,0.61,0.71,0.39,0.0,0.0,0.0,0.0,0.21,0.91,0.02,0.6,0.01,0.0,0.83,0.71,0.01,0.86,0.23,0.81,0.48,0.02,0.43,0.85,0.25,0.23,0.01,0.09,0.49,0.97,0.03,0.54,0.0,0.32,0.01,0.62,0.0,0.49,0.0,0.31,0.72
ges2,0.45,0.45,0.96,0.57,0.33,0.5,0.29,0.13,0.72,0.01,0.06,0.63,0.23,0.11,0.31,0.98,0.79,0.53,0.67,0.29,0.27,0.24,0.0,0.14,0.09,0.41,0.39,0.91,0.0,0.0,0.3,0.14,0.5,0.09,0.0,0.01,0.06,0.22,0.02,0.0,0.14,0.09,0.41,0.39,0.91,0.0,0.0,0.3,0.14,0.5,0.09,0.0,0.01,0.06,0.78,0.13,0.1,0.58,0.47,0.43,0.58,0.85,0.01,0.72,0.21,0.17,0.26,0.95,0.39,0.62,0.88,0.41,0.14,0.67,0.92,0.91,0.74,0.85,0.31,0.0,0.0
wet5,0.5,0.5,0.94,0.88,0.9,0.02,0.73,0.5,0.03,0.67,0.35,0.63,0.49,0.62,0.8,0.11,0.21,0.42,0.19,0.89,0.88,0.98,0.32,0.0,0.0,0.37,0.81,0.02,0.19,0.0,0.8,0.53,0.98,0.15,0.0,0.05,0.33,0.32,0.0,0.32,0.0,0.0,0.37,0.81,0.02,0.19,0.0,0.8,0.53,0.98,0.15,0.0,0.05,0.33,0.26,0.02,0.19,0.67,0.87,0.17,0.94,0.86,0.08,0.6,0.97,0.01,0.91,0.92,0.67,0.62,0.37,0.64,0.54,0.52,0.0,0.48,0.86,0.86,0.72,0.0,0.0
